method,portfolio_lambda,fee_bps,final_gross_equity,final_net_equity,total_fees_paid,max_drawdown_net,sharpe_like_net,avg_active_gross_exposure,avg_abs_active_net_exposure,positions,sleeves,median_holding_hours,universe_lost_exits
ordinary,0.0,0,1.4648508131620621,1.4648508131620621,0.0,-0.6423535317369896,1.3581773341314662,1.3716448051664123,0.3900535897711772,8165,2545,15.0,648
ordinary,0.0,5,1.4648508131620621,0.8628066620498926,0.6020441511121695,-0.7208535888223683,0.8007511469264164,1.3716448051664123,0.3900535897711772,8165,2545,15.0,648
ordinary,0.0,10,1.4648508131620621,0.2607625109377232,1.204088302224339,-0.8013337809819828,0.24221331022730413,1.3716448051664123,0.3900535897711772,8165,2545,15.0,648
advanced_lambda_0p5,3.0,0,3.3009593583850485,3.3009593583850485,0.0,-0.3688503601114784,3.4101421947697896,1.332843989030126,0.2921234295253445,4598,1711,24.0,430
advanced_lambda_0p5,3.0,5,3.3009593583850485,2.8168453934737854,0.48411396491126313,-0.37750703152192844,2.9122014091675195,1.332843989030126,0.2921234295253445,4598,1711,24.0,430
advanced_lambda_0p5,3.0,10,3.3009593583850485,2.3327314285625222,0.9682279298225263,-0.38616370293237845,2.4131333569979883,1.332843989030126,0.2921234295253445,4598,1711,24.0,430
